{
  "project_info": {
    "project_number": "926695332445",
    "firebase_url": "https://bludroid-gcrs.firebaseio.com",
    "project_id": "bludroid-gcrs",
    "storage_bucket": "bludroid-gcrs.appspot.com"
  },
  "client": [
    {
      "client_info": {
        "mobilesdk_app_id": "1:926695332445:android:164c96955c0474551a4bb4",
        "android_client_info": {
          "package_name": "za.co.blts.bltandroidgui3.gcrs"
        }
      },
      "oauth_client": [
        {
          "client_id": "926695332445-0uc5v9o90cf5qdk0k6c7lbkd55h9sm51.apps.googleusercontent.com",
          "client_type": 3
        }
      ],
      "api_key": [
        {
          "current_key": "AIzaSyD4QPOf7Y0KJbb0g70Hffcf3GsT0t5-Z6I"
        }
      ],
      "services": {
        "appinvite_service": {
          "other_platform_oauth_client": [
            {
              "client_id": "926695332445-0uc5v9o90cf5qdk0k6c7lbkd55h9sm51.apps.googleusercontent.com",
              "client_type": 3
            }
          ]
        }
      }
    }
  ],
  "configuration_version": "1"
}