{
  "exportFormatVersion": 2,
  "exportTime": "2020-06-17 06:36:08",
  "containerVersion": {
    "path": "accounts/6001416249/containers/31676011/versions/1",
    "accountId": "6001416249",
    "containerId": "31676011",
    "containerVersionId": "1",
    "name": "GCRS",
    "description": "Initial config",
    "container": {
      "path": "accounts/6001416249/containers/31676011",
      "accountId": "6001416249",
      "containerId": "31676011",
      "name": "GCRS Container",
      "publicId": "GTM-TPMCNFQ",
      "usageContext": [
        "ANDROID_SDK_5"
      ],
      "fingerprint": "1592374887988",
      "tagManagerUrl": "https://tagmanager.google.com/#/container/accounts/6001416249/containers/31676011/workspaces?apiLink=container"
    },
    "tag": [
      {
        "accountId": "6001416249",
        "containerId": "31676011",
        "tagId": "4",
        "name": "Default Tag",
        "type": "fm",
        "parameter": [
          {
            "type": "TEMPLATE",
            "key": "action",
            "value": "block"
          }
        ],
        "fingerprint": "1592374983659",
        "firingTriggerId": [
          "3"
        ],
        "tagFiringOption": "ONCE_PER_EVENT"
      }
    ],
    "trigger": [
      {
        "accountId": "6001416249",
        "containerId": "31676011",
        "triggerId": "3",
        "name": "Default Trigger",
        "type": "ALWAYS",
        "filter": [
          {
            "type": "EQUALS",
            "parameter": [
              {
                "type": "TEMPLATE",
                "key": "arg0",
                "value": "{{Event Name}}"
              },
              {
                "type": "TEMPLATE",
                "key": "arg1",
                "value": "block_test"
              }
            ]
          }
        ],
        "fingerprint": "1592374977939"
      }
    ],
    "builtInVariable": [
      {
        "accountId": "6001416249",
        "containerId": "31676011",
        "type": "APP_ID",
        "name": "App ID"
      },
      {
        "accountId": "6001416249",
        "containerId": "31676011",
        "type": "APP_NAME",
        "name": "App Name"
      },
      {
        "accountId": "6001416249",
        "containerId": "31676011",
        "type": "APP_VERSION_CODE",
        "name": "App Version Code"
      },
      {
        "accountId": "6001416249",
        "containerId": "31676011",
        "type": "APP_VERSION_NAME",
        "name": "App Version Name"
      },
      {
        "accountId": "6001416249",
        "containerId": "31676011",
        "type": "EVENT_NAME",
        "name": "Event Name"
      }
    ],
    "fingerprint": "1592375004037",
    "tagManagerUrl": "https://tagmanager.google.com/#/versions/accounts/6001416249/containers/31676011/versions/1?apiLink=version"
  }
}