[
  {
    "id": "bbbb",
    "start": "2020-12-01",
    "end": "2020-12-31",
    "max": "3",
    "print": [
      {
        "type": "line"
      },
      {
        "type": "text",
        "align": "center",
        "style": "bold",
        "size": "large",
        "value": "Print 2"
      },
      {
        "type": "image",
        "align": "center",
        "url": "https://bluadverts-sandbox.mxapps.io/images/advert/bluapproved.gif",
        "id": "blu01"
      },
      {
        "type": "text",
        "align": "center",
        "style": "normal",
        "size": "normal",
        "value": "Valid 2020/12/01 to 2020/12/31"
      }
    ]
  },
  {
    "id": "cccc",
    "start": "2020-03-01",
    "end": "2020-03-31",
    "max": "3",
    "print": [
      {
        "type": "line"
      },
      {
        "type": "text",
        "align": "center",
        "style": "bold",
        "size": "large",
        "value": "Print 3"
      },
      {
        "type": "image",
        "align": "center",
        "url": "https://bluadverts-sandbox.mxapps.io/images/advert/bluapproved.gif",
        "id": "blu01"
      },
      {
        "type": "text",
        "align": "center",
        "style": "normal",
        "size": "normal",
        "value": "Valid 2020/03/01 to 2020/03/31"
      }
    ]
  },
  {
    "id": "dddd",
    "start": "2020-03-01",
    "end": "2020-04-01",
    "max": "3",
    "print": [
      {
        "type": "line"
      },
      {
        "type": "text",
        "align": "center",
        "style": "bold",
        "size": "large",
        "value": "Print 4"
      },
      {
        "type": "image",
        "align": "center",
        "url": "https://bluadverts-sandbox.mxapps.io/images/advert/bluapproved.gif",
        "id": "blu01"
      },
      {
        "type": "text",
        "align": "center",
        "style": "normal",
        "size": "normal",
        "value": "Valid 2020/03/01 to 2020/04/01"
      }
    ]
  },
  {
    "id": "aaaa",
    "start": "2020-01-01",
    "end": "2020-12-31",
    "max": "5",
    "print": [
      {
        "type": "line"
      },
      {
        "type": "text",
        "align": "center",
        "style": "bold",
        "size": "large",
        "value": "Print 1"
      },
      {
        "type": "image",
        "align": "center",
        "url": "https://bluadverts-sandbox.mxapps.io/images/advert/bluapproved.gif",
        "id": "blu01"
      },
      {
        "type": "text",
        "align": "center",
        "style": "normal",
        "size": "normal",
        "value": "Valid 2020/01/01 to 2020/12/31"
      }
    ]
  }
]