[
  {
    "id": "aaa",
    "start": "2020-01-01",
    "end": "2020-12-31",
    "max": "2",
    "print": [
      {
        "type": "line"
      },
      {
        "type": "text",
        "align": "center",
        "style": "bold",
        "size": "large",
        "value": "Dynamic"
      },
      {
        "type": "text",
        "align": "center",
        "style": "bold",
        "size": "large",
        "value": "Print 1"
      }
    ]
  },
  {
    "id": "bbb",
    "start": "2020-01-01",
    "end": "2020-12-31",
    "max": "5",
    "print": [
      {
        "type": "line"
      },
      {
        "type": "text",
        "align": "center",
        "style": "bold",
        "size": "large",
        "value": "Dynamic"
      },
      {
        "type": "text",
        "align": "center",
        "style": "bold",
        "size": "large",
        "value": "Print 2"
      }
    ]
  },
  {
    "id": "ccc",
    "start": "2020-01-01",
    "end": "2020-12-31",
    "max": "10",
    "print": [
      {
        "type": "line"
      },
      {
        "type": "text",
        "align": "center",
        "style": "bold",
        "size": "large",
        "value": "Dynamic"
      },
      {
        "type": "text",
        "align": "center",
        "style": "bold",
        "size": "large",
        "value": "Print 3"
      }
    ]
  }
]