<?xml version="1.0" encoding="UTF-8"?>
<properties>
    
    <!-- QA (DEV) CONFIG FILE -->

    <Files name="DirectoryPaths">
        <!-- Paths to the Live versions should have a different URL for "Live General" and "Live Spar". -->
        <!-- These must match the URL and path in the jk3installconfig.xml file. -->
        <!-- LIVE and SPAR paths should be changed as required for the version in question. -->
        <!--property key="serverPath">https://aeonbld.bltelecoms.net/portal/</property-->
        <property key="serverPath">http://qaeonws.bltelecoms.net/portal/</property>
        <property key="loyaltyPath">http://10.22.7.12:9013</property>
        <property key="filePath">jkiosk3_dev/</property>
        <property key="jkioskAppUpdate">jkiosk3_dev.zip</property>
        <!-- Paths and filenames above should be changed for specific installed version. -->
        <!-- -->
        <!-- Device Config DNS -->
        <property key="aeonSSL">aeon.qa.bltelecoms.net</property>
        <property key="aeonSSLPort">443</property>
        <property key="nonAeonSSL">102.134.128.70</property>
        <property key="nonAeonSSLPort">7800</property>
        <!-- -->
        <!-- RIca Config DNS -->
        <property key="nonRicaSSL">10.22.7.17</property>
        <property key="nonRicaSSLPort">9013</property>
        <property key="ricaSSL">Rica.bltelecoms.net</property>
        <property key="ricaSSLPort">443</property>
        <!-- -->
        <!-- From here onwards must remain unchanged. -->
        <!-- Install path below must remain CONSTANT for all versions of the Application. -->
        <property key="jkioskInstallPath">c:\\jkiosk3\\</property>
        <!-- Required downloads must all be placed in correct folder! -->
        <property key="downloadsFolder">downloads/</property>
        <property key="jkioskUpdater">AutoUpdater.jar</property>
        <!-- For QA (Dev), the zip files could be named 'jk_branding_qa.zip' etc. -->
        <!-- They should be kept in the same 'downloads' folder, but the -->
        <!--   QA (Dev) config file should direct them to the correct version of the file. -->
        <property key="bankAccounts">BLDBankingDetails.xml</property>
        <property key="branding">jk_branding.zip</property>
        <property key="busCarrierData">BusCarrierData.xml</property>
        <property key="fonts">jk_fonts.zip</property>
        <property key="images">jk_images.zip</property>
        <property key="logos">jk_logos.zip</property>
        <property key="providerStyle">providerStyle.css</property>
        <property key="ticketProPrintTest">test.ezpl</property>
        <property key="printcodesFile">jk3printcodes.xml</property>
        <!-- RICA paths -->
		<!-- RICA live -->
        <!--
        <property key="ricaServer">196.38.158.103</property>
        <property key="ricaPort">7894</property>
        -->
		<!-- RICA dev -->
        <property key="ricaServer">10.22.7.17</property>
        <property key="ricaPort">9013</property>
        <!-- Miscellaneous paths to useful stuff -->
        <property key="countryCodeUrl">help/countries.html</property>
        <property key="helpUrl">help/index.html</property>
        <property key="rssUrl">http://196.38.158.113/AEON/RSS/rss.ashx?AspxAutoDetectCookieSupport=1</property>
    </Files>

    <Files name="Media">
        <property key="basePath">media/</property>
        <property key="barcodes">barcodes/</property>
        <property key="store">store/</property>
        <property key="imagesTemp">imagesTemp/</property>
        <property key="busCarrierData">busCarrierData/BusCarrierData.xml</property>
        <property key="ticketsPrint">printFiles/</property>
        <property key="fonts">fonts/</property>
        <property key="images">images/</property>
        <property key="logos">logos/</property>
        <property key="branding">branding/</property>
        <property key="brandingGroups">branding/MerchantGroupBranding.xml</property>
        <property key="bankingFile">bank_accounts/BLDBankingDetails.xml</property>
        <property key="providerStyle">providerStyle.css</property>
        <!--<property key="favourites">favourites/</property>-->
        <!--<property key="favVouchers">favVouchers.xml</property>-->
    </Files>

    <Info name="Contacts">
        <property key="helpDeskTelNum">0800-014-942</property>
        <property key="helpDeskEmail">service@blusupport.co.za</property>
        <property key="ticketProCustomerServicesTelNum">0861-008-277</property>
        <property key="ticketProCustomerServicesEmail">info@ticketpros.co.za</property>
    </Info>

    <Info name="Branding">
        <property key="defaultBranding">BLD</property>
    </Info>

</properties>
