<?xml version="1.0" encoding="UTF-8"?>

<root>

    <!-- If Device needs Java 8, files must be provided here for both system architectures. -->
    <!-- JRE filenames must EXACTLY match the filenames on the server! -->
    <serverpath>http://qaeonws.bltelecoms.net/portal/</serverpath>
<!--    <javadownloadpath>http://qaeonws.bltelecoms.net/portal/downloads/java/</javadownloadpath>-->
    <javadownloadpath>downloads/java/</javadownloadpath>
    <javadownload32>zulu8.38.0.13-ca-fx-jre8.0.212-win_i686.zip</javadownload32>
    <javadownload64>zulu8.38.0.13-ca-fx-jre8.0.212-win_x64.zip</javadownload64>
    <!-- Java JRE install file gets downloaded to this location. -->
    <javadownloadtarget>c:/zulu_java/</javadownloadtarget>
    <!-- -->
    <shortcutcreatordownloadpath>downloads/JK3Shortcut.jar</shortcutcreatordownloadpath>
    <shortcutcreatortargetpath>c:/jkiosk3/JK3Shortcut.jar</shortcutcreatortargetpath>
    <!-- File paths for QA and Production should be checked for URL and version (Dev, Live or Spar) -->
<!--    <libsourcepath>http://qaeonws.bltelecoms.net/portal/jkiosk3/lib/</libsourcepath>-->
    <libsourcepath>jkiosk3_dev/lib/</libsourcepath>
    <libtargetpath>c:/jkiosk3/lib/</libtargetpath>

    <libfiles>
        <libfile fileindex="0">AeonLib-1.0.11.jar</libfile>
        <libfile fileindex="1">core-3.2.1.jar</libfile>
        <libfile fileindex="2">gson-2.8.1.jar</libfile>
        <libfile fileindex="3">InstallerLib-1.0.jar</libfile>
        <libfile fileindex="4">jackson-annotations-2.9.0.jar</libfile>
        <libfile fileindex="5">jackson-core-2.9.5.jar</libfile>
        <libfile fileindex="6">jackson-databind-2.9.5.jar</libfile>
        <libfile fileindex="7">jackson-jaxrs-base-2.9.5.jar</libfile>
        <libfile fileindex="8">jackson-jaxrs-json-provider-2.9.5.jar</libfile>
        <libfile fileindex="9">jackson-module-jaxb-annotations-2.9.5.jar</libfile>
        <libfile fileindex="10">jdlite-1.0.0.jar</libfile>
        <libfile fileindex="11">jdlitelib-1.0.0.jar</libfile>
        <libfile fileindex="12">jdom-1.1.3.jar</libfile>
        <libfile fileindex="13">jersey-client-1.19.1.jar</libfile>
        <libfile fileindex="14">jersey-core-1.19.1.jar</libfile>
        <libfile fileindex="15">JFXCalendar-1.0.jar</libfile>
        <libfile fileindex="16">JFXNumberSelector-1.0.jar</libfile>
        <libfile fileindex="17">jna-4.0.0.jar</libfile>
        <libfile fileindex="18">jnasmartcardio-0.2.7.jar</libfile>
        <libfile fileindex="19">json-20160810.jar</libfile>
        <libfile fileindex="20">jsr311-api-1.1.1.jar</libfile>
        <libfile fileindex="21">jssc-2.8.0.jar</libfile>
        <libfile fileindex="22">jxmaps-1.3.1.jar</libfile>
        <libfile fileindex="23">jxmaps-win-1.3.1.jar</libfile>
        <libfile fileindex="24">licence-1.0.0.jar</libfile>
        <libfile fileindex="25">loyalty-service-api-model-1.0.0.jar</libfile>
        <libfile fileindex="26">MagCard-1.0.jar</libfile>
        <libfile fileindex="27">rxtx-2.2.1.jar</libfile>
        <libfile fileindex="28">rxtxcomm-2.2.jar</libfile>
        <libfile fileindex="29">SerialPrintingLibrary-1.0.jar</libfile>
        <libfile fileindex="30">SmartCardLibrary-1.0.1-SNAPSHOT.jar</libfile>
        <libfile fileindex="31">XMLProperties-1.0.0.0.jar</libfile>
        <libfile fileindex="32">xom-1.2.5.jar</libfile>
    </libfiles>

</root>