{
  "project_info": {
    "project_number": "443154641554",
    "firebase_url": "https://bludroid-dev.firebaseio.com",
    "project_id": "bludroid-dev",
    "storage_bucket": "bludroid-dev.appspot.com"
  },
  "client": [
    {
      "client_info": {
        "mobilesdk_app_id": "1:443154641554:android:14ecc8074fef0f6c1eec4b",
        "android_client_info": {
          "package_name": "za.co.blts.bltandroidgui3.debug"
        }
      },
      "oauth_client": [
        {
          "client_id": "443154641554-42t4f4arm63p7vut4afnd69bb1nl201n.apps.googleusercontent.com",
          "client_type": 3
        }
      ],
      "api_key": [
        {
          "current_key": "AIzaSyByfr0fgwqm086DCDvOG5k8h6IB0WSlCqc"
        }
      ],
      "services": {
        "appinvite_service": {
          "other_platform_oauth_client": [
            {
              "client_id": "443154641554-42t4f4arm63p7vut4afnd69bb1nl201n.apps.googleusercontent.com",
              "client_type": 3
            }
          ]
        }
      }
    }
  ],
  "configuration_version": "1"
}