{
  "exportFormatVersion": 2,
  "exportTime": "2020-06-18 07:45:03",
  "containerVersion": {
    "path": "accounts/6001417396/containers/31675780/versions/1",
    "accountId": "6001417396",
    "containerId": "31675780",
    "containerVersionId": "1",
    "name": "Dev",
    "description": "Initial config",
    "container": {
      "path": "accounts/6001417396/containers/31675780",
      "accountId": "6001417396",
      "containerId": "31675780",
      "name": "Dev Container",
      "publicId": "GTM-T9926PW",
      "usageContext": [
        "ANDROID_SDK_5"
      ],
      "fingerprint": "1592373766094",
      "tagManagerUrl": "https://tagmanager.google.com/#/container/accounts/6001417396/containers/31675780/workspaces?apiLink=container"
    },
    "tag": [
      {
        "accountId": "6001417396",
        "containerId": "31675780",
        "tagId": "4",
        "name": "Test Modify",
        "type": "fm",
        "parameter": [
          {
            "type": "LIST",
            "key": "dropParamTable",
            "list": [
              {
                "type": "MAP",
                "map": [
                  {
                    "type": "TEMPLATE",
                    "key": "dropParamKey",
                    "value": "param_drop"
                  }
                ]
              }
            ]
          },
          {
            "type": "TEMPLATE",
            "key": "overrideEventName",
            "value": "aeon_connection"
          },
          {
            "type": "LIST",
            "key": "editParamTable",
            "list": [
              {
                "type": "MAP",
                "map": [
                  {
                    "type": "TEMPLATE",
                    "key": "editParamKey",
                    "value": "modify_test"
                  },
                  {
                    "type": "TEMPLATE",
                    "key": "editParamValue",
                    "value": "success"
                  }
                ]
              }
            ]
          },
          {
            "type": "TEMPLATE",
            "key": "action",
            "value": "filter"
          }
        ],
        "fingerprint": "1592374074453",
        "firingTriggerId": [
          "3"
        ],
        "tagFiringOption": "ONCE_PER_EVENT"
      }
    ],
    "trigger": [
      {
        "accountId": "6001417396",
        "containerId": "31675780",
        "triggerId": "3",
        "name": "aeon_connection",
        "type": "ALWAYS",
        "filter": [
          {
            "type": "EQUALS",
            "parameter": [
              {
                "type": "TEMPLATE",
                "key": "arg0",
                "value": "{{Event Name}}"
              },
              {
                "type": "TEMPLATE",
                "key": "arg1",
                "value": "aeon_connection"
              }
            ]
          }
        ],
        "fingerprint": "1592374063780"
      }
    ],
    "builtInVariable": [
      {
        "accountId": "6001417396",
        "containerId": "31675780",
        "type": "APP_ID",
        "name": "App ID"
      },
      {
        "accountId": "6001417396",
        "containerId": "31675780",
        "type": "APP_NAME",
        "name": "App Name"
      },
      {
        "accountId": "6001417396",
        "containerId": "31675780",
        "type": "APP_VERSION_CODE",
        "name": "App Version Code"
      },
      {
        "accountId": "6001417396",
        "containerId": "31675780",
        "type": "APP_VERSION_NAME",
        "name": "App Version Name"
      },
      {
        "accountId": "6001417396",
        "containerId": "31675780",
        "type": "EVENT_NAME",
        "name": "Event Name"
      }
    ],
    "fingerprint": "1592374162120",
    "tagManagerUrl": "https://tagmanager.google.com/#/versions/accounts/6001417396/containers/31675780/versions/1?apiLink=version"
  }
}